item_id,sale_date,sales_qty,purchase_qty,stock_level
4,1/1/2023,33,0,467
3,1/2/2023,16,0,451
3,1/3/2023,35,0,416
2,1/4/2023,32,0,384
1,1/5/2023,18,0,366
1,1/6/2023,19,0,347
1,1/7/2023,39,0,308
2,1/8/2023,35,0,273
4,1/9/2023,20,0,253
5,1/10/2023,37,0,216
1,1/11/2023,27,0,189
3,1/12/2023,40,261,410
1,1/13/2023,27,0,383
3,1/14/2023,11,0,372
3,1/15/2023,15,0,357
1,1/16/2023,23,0,334
3,1/17/2023,36,0,298
3,1/18/2023,38,0,260
2,1/19/2023,14,0,246
2,1/20/2023,20,0,226
1,1/21/2023,38,0,188
2,1/22/2023,38,341,491
1,1/23/2023,35,0,456
3,1/24/2023,28,0,428
5,1/25/2023,33,0,395
2,1/26/2023,18,0,377
2,1/27/2023,29,0,348
5,1/28/2023,11,0,337
4,1/29/2023,40,0,297
3,1/30/2023,18,0,279
5,1/31/2023,17,0,262
5,2/1/2023,30,0,232
1,2/2/2023,23,0,209
2,2/3/2023,13,0,196
1,2/4/2023,22,291,465
5,2/5/2023,22,0,443
3,2/6/2023,25,0,418
2,2/7/2023,37,0,381
3,2/8/2023,23,0,358
3,2/9/2023,25,0,333
5,2/10/2023,26,0,307
1,2/11/2023,37,0,270
4,2/12/2023,22,0,248
5,2/13/2023,14,0,234
3,2/14/2023,29,0,205
2,2/15/2023,28,0,177
3,2/16/2023,13,336,500
5,2/17/2023,33,0,467
2,2/18/2023,35,0,432
4,2/19/2023,22,0,410
2,2/20/2023,29,0,381
4,2/21/2023,33,0,348
5,2/22/2023,20,0,328
5,2/23/2023,23,0,305
3,2/24/2023,17,0,288
5,2/25/2023,34,0,254
4,2/26/2023,23,0,231
4,2/27/2023,14,0,217
4,2/28/2023,34,0,183
5,3/1/2023,15,240,408
3,3/2/2023,32,0,376
1,3/3/2023,11,0,365
3,3/4/2023,12,0,353
3,3/5/2023,21,0,332
1,3/6/2023,30,0,302
3,3/7/2023,31,0,271
3,3/8/2023,38,0,233
5,3/9/2023,20,0,213
2,3/10/2023,36,0,177
1,3/11/2023,40,362,499
1,3/12/2023,29,0,470
3,3/13/2023,26,0,444
2,3/14/2023,38,0,406
5,3/15/2023,33,0,373
3,3/16/2023,32,0,341
3,3/17/2023,23,0,318
3,3/18/2023,38,0,280
4,3/19/2023,14,0,266
4,3/20/2023,40,0,226
1,3/21/2023,11,0,215
3,3/22/2023,35,0,180
4,3/23/2023,20,252,412
5,3/24/2023,33,0,379
2,3/25/2023,18,0,361
2,3/26/2023,33,0,328
5,3/27/2023,27,0,301
5,3/28/2023,33,0,268
3,3/29/2023,24,0,244
1,3/30/2023,37,0,207
3,3/31/2023,27,0,180
1,4/1/2023,34,395,541
5,4/2/2023,31,0,510
5,4/3/2023,14,0,496
1,4/4/2023,25,0,471
2,4/5/2023,21,0,450
5,4/6/2023,26,0,424
3,4/7/2023,16,0,408
1,4/8/2023,19,0,389
4,4/9/2023,32,0,357
4,4/10/2023,18,0,339
3,4/11/2023,21,0,318
3,4/12/2023,14,0,304
3,4/13/2023,27,0,277
4,4/14/2023,24,0,253
4,4/15/2023,21,0,232
5,4/16/2023,39,0,193
4,4/17/2023,40,391,544
4,4/18/2023,40,0,504
1,4/19/2023,35,0,469
1,4/20/2023,24,0,445
1,4/21/2023,39,0,406
1,4/22/2023,35,0,371
1,4/23/2023,36,0,335
3,4/24/2023,13,0,322
2,4/25/2023,10,0,312
5,4/26/2023,39,0,273
1,4/27/2023,24,0,249
3,4/28/2023,22,0,227
1,4/29/2023,11,0,216
4,4/30/2023,36,0,180
4,5/1/2023,10,214,384
2,5/2/2023,35,0,349
5,5/3/2023,36,0,313
3,5/4/2023,25,0,288
2,5/5/2023,23,0,265
5,5/6/2023,32,0,233
1,5/7/2023,27,0,206
1,5/8/2023,39,0,167
5,5/9/2023,30,287,424
2,5/10/2023,38,0,386
1,5/11/2023,17,0,369
1,5/12/2023,38,0,331
2,5/13/2023,29,0,302
4,5/14/2023,15,0,287
4,5/15/2023,40,0,247
3,5/16/2023,24,0,223
5,5/17/2023,38,0,185
3,5/18/2023,40,368,513
4,5/19/2023,40,0,473
4,5/20/2023,16,0,457
4,5/21/2023,40,0,417
2,5/22/2023,35,0,382
5,5/23/2023,29,0,353
2,5/24/2023,40,0,313
2,5/25/2023,18,0,295
2,5/26/2023,31,0,264
4,5/27/2023,39,0,225
2,5/28/2023,38,0,187
3,5/29/2023,12,390,565
5,5/30/2023,36,0,529
5,5/31/2023,28,0,501
1,6/1/2023,33,0,468
4,6/2/2023,39,0,429
3,6/3/2023,23,0,406
5,6/4/2023,20,0,386
2,6/5/2023,33,0,353
4,6/6/2023,32,0,321
1,6/7/2023,18,0,303
3,6/8/2023,16,0,287
1,6/9/2023,28,0,259
4,6/10/2023,25,0,234
2,6/11/2023,10,0,224
5,6/12/2023,13,0,211
1,6/13/2023,17,0,194
3,6/14/2023,26,244,412
5,6/15/2023,19,0,393
4,6/16/2023,16,0,377
3,6/17/2023,31,0,346
4,6/18/2023,40,0,306
1,6/19/2023,39,0,267
3,6/20/2023,14,0,253
3,6/21/2023,33,0,220
5,6/22/2023,24,0,196
4,6/23/2023,32,316,480
1,6/24/2023,23,0,457
3,6/25/2023,16,0,441
5,6/26/2023,35,0,406
4,6/27/2023,29,0,377
1,6/28/2023,37,0,340
4,6/29/2023,36,0,304
3,6/30/2023,38,0,266
5,7/1/2023,24,0,242
1,7/2/2023,11,0,231
5,7/3/2023,13,0,218
1,7/4/2023,36,0,182
3,7/5/2023,30,227,379
5,7/6/2023,40,0,339
1,7/7/2023,32,0,307
5,7/8/2023,22,0,285
5,7/9/2023,19,0,266
2,7/10/2023,26,0,240
4,7/11/2023,39,0,201
3,7/12/2023,11,0,190
3,7/13/2023,38,311,463
5,7/14/2023,30,0,433
4,7/15/2023,13,0,420
1,7/16/2023,20,0,400
3,7/17/2023,39,0,361
5,7/18/2023,24,0,337
3,7/19/2023,12,0,325
5,7/20/2023,38,0,287
1,7/21/2023,15,0,272
4,7/22/2023,36,0,236
2,7/23/2023,21,0,215
1,7/24/2023,12,0,203
2,7/25/2023,20,0,183
5,7/26/2023,32,313,464
3,7/27/2023,21,0,443
3,7/28/2023,10,0,433
3,7/29/2023,24,0,409
5,7/30/2023,18,0,391
3,7/31/2023,23,0,368
2,8/1/2023,36,0,332
1,8/2/2023,33,0,299
3,8/3/2023,29,0,270
5,8/4/2023,25,0,245
1,8/5/2023,27,0,218
2,8/6/2023,21,0,197
3,8/7/2023,27,235,405
3,8/8/2023,26,0,379
2,8/9/2023,27,0,352
3,8/10/2023,11,0,341
5,8/11/2023,36,0,305
5,8/12/2023,28,0,277
3,8/13/2023,34,0,243
4,8/14/2023,35,0,208
2,8/15/2023,34,0,174
2,8/16/2023,18,236,392
3,8/17/2023,11,0,381
5,8/18/2023,31,0,350
3,8/19/2023,35,0,315
1,8/20/2023,27,0,288
1,8/21/2023,17,0,271
5,8/22/2023,38,0,233
2,8/23/2023,38,0,195
3,8/24/2023,32,361,524
3,8/25/2023,26,0,498
4,8/26/2023,26,0,472
5,8/27/2023,19,0,453
1,8/28/2023,12,0,441
1,8/29/2023,37,0,404
1,8/30/2023,35,0,369
5,8/31/2023,27,0,342
4,9/1/2023,40,0,302
3,9/2/2023,20,0,282
3,9/3/2023,21,0,261
5,9/4/2023,22,0,239
1,9/5/2023,12,0,227
1,9/6/2023,24,0,203
4,9/7/2023,27,0,176
3,9/8/2023,23,318,471
1,9/9/2023,10,0,461
4,9/10/2023,34,0,427
3,9/11/2023,14,0,413
4,9/12/2023,23,0,390
1,9/13/2023,12,0,378
4,9/14/2023,16,0,362
4,9/15/2023,17,0,345
5,9/16/2023,16,0,329
3,9/17/2023,31,0,298
1,9/18/2023,29,0,269
1,9/19/2023,11,0,258
5,9/20/2023,11,0,247
2,9/21/2023,12,0,235
5,9/22/2023,26,0,209
2,9/23/2023,12,0,197
1,9/24/2023,37,284,444
2,9/25/2023,13,0,431
5,9/26/2023,15,0,416
2,9/27/2023,32,0,384
4,9/28/2023,12,0,372
5,9/29/2023,21,0,351
5,9/30/2023,21,0,330
4,10/1/2023,24,0,306
5,10/2/2023,26,0,280
5,10/3/2023,17,0,263
1,10/4/2023,36,0,227
1,10/5/2023,31,0,196
2,10/6/2023,35,302,463
1,10/7/2023,34,0,429
5,10/8/2023,28,0,401
5,10/9/2023,28,0,373
3,10/10/2023,36,0,337
3,10/11/2023,17,0,320
4,10/12/2023,34,0,286
5,10/13/2023,13,0,273
1,10/14/2023,23,0,250
4,10/15/2023,29,0,221
2,10/16/2023,27,0,194
3,10/17/2023,12,340,522
1,10/18/2023,28,0,494
4,10/19/2023,23,0,471
2,10/20/2023,16,0,455
3,10/21/2023,29,0,426
5,10/22/2023,35,0,391
5,10/23/2023,33,0,358
3,10/24/2023,14,0,344
3,10/25/2023,40,0,304
2,10/26/2023,18,0,286
2,10/27/2023,22,0,264
4,10/28/2023,35,0,229
5,10/29/2023,39,0,190
3,10/30/2023,37,234,387
5,10/31/2023,40,0,347
3,11/1/2023,28,0,319
5,11/2/2023,38,0,281
5,11/3/2023,25,0,256
5,11/4/2023,10,0,246
2,11/5/2023,16,0,230
3,11/6/2023,27,0,203
5,11/7/2023,10,0,193
1,11/8/2023,27,228,394
4,11/9/2023,18,0,376
3,11/10/2023,38,0,338
3,11/11/2023,12,0,326
5,11/12/2023,37,0,289
2,11/13/2023,31,0,258
3,11/14/2023,26,0,232
1,11/15/2023,27,0,205
1,11/16/2023,14,0,191
5,11/17/2023,24,226,393
3,11/18/2023,12,0,381
2,11/19/2023,40,0,341
5,11/20/2023,22,0,319
1,11/21/2023,11,0,308
5,11/22/2023,15,0,293
5,11/23/2023,11,0,282
4,11/24/2023,18,0,264
4,11/25/2023,25,0,239
4,11/26/2023,21,0,218
2,11/27/2023,34,0,184
2,11/28/2023,35,202,351
3,11/29/2023,21,0,330
2,11/30/2023,22,0,308
4,12/1/2023,28,0,280
3,12/2/2023,13,0,267
3,12/3/2023,21,0,246
5,12/4/2023,39,0,207
4,12/5/2023,11,0,196
5,12/6/2023,27,326,495
1,12/7/2023,30,0,465
1,12/8/2023,35,0,430
5,12/9/2023,13,0,417
4,12/10/2023,11,0,406
1,12/11/2023,12,0,394
2,12/12/2023,23,0,371
1,12/13/2023,10,0,361
2,12/14/2023,19,0,342
2,12/15/2023,40,0,302
1,12/16/2023,37,0,265
5,12/17/2023,18,0,247
5,12/18/2023,30,0,217
5,12/19/2023,24,0,193
1,12/20/2023,22,390,561
3,12/21/2023,20,0,541
2,12/22/2023,29,0,512
2,12/23/2023,29,0,483
5,12/24/2023,25,0,458
2,12/25/2023,30,0,428
2,12/26/2023,25,0,403
3,12/27/2023,14,0,389
4,12/28/2023,38,0,351
5,12/29/2023,16,0,335
2,12/30/2023,11,0,324
3,12/31/2023,31,0,293
5,1/1/2024,33,0,260
5,1/2/2024,20,0,240
2,1/3/2024,16,0,224
3,1/4/2024,33,0,191
4,1/5/2024,23,383,551
3,1/6/2024,40,0,511
3,1/7/2024,16,0,495
1,1/8/2024,23,0,472
3,1/9/2024,13,0,459
4,1/10/2024,30,0,429
2,1/11/2024,40,0,389
1,1/12/2024,36,0,353
4,1/13/2024,37,0,316
2,1/14/2024,29,0,287
3,1/15/2024,39,0,248
4,1/16/2024,34,0,214
3,1/17/2024,20,0,194
2,1/18/2024,16,243,421
4,1/19/2024,28,0,393
5,1/20/2024,39,0,354
4,1/21/2024,28,0,326
1,1/22/2024,29,0,297
4,1/23/2024,39,0,258
5,1/24/2024,24,0,234
1,1/25/2024,14,0,220
2,1/26/2024,23,0,197
2,1/27/2024,13,357,541
2,1/28/2024,23,0,518
5,1/29/2024,23,0,495
3,1/30/2024,38,0,457
3,1/31/2024,40,0,417
5,2/1/2024,16,0,401
2,2/2/2024,32,0,369
5,2/3/2024,13,0,356
5,2/4/2024,17,0,339
4,2/5/2024,13,0,326
1,2/6/2024,22,0,304
3,2/7/2024,26,0,278
3,2/8/2024,22,0,256
5,2/9/2024,11,0,245
1,2/10/2024,10,0,235
1,2/11/2024,10,0,225
4,2/12/2024,25,0,200
2,2/13/2024,26,0,174
3,2/14/2024,26,266,414
3,2/15/2024,16,0,398
4,2/16/2024,21,0,377
2,2/17/2024,14,0,363
2,2/18/2024,37,0,326
4,2/19/2024,39,0,287
3,2/20/2024,18,0,269
4,2/21/2024,31,0,238
4,2/22/2024,36,0,202
1,2/23/2024,26,0,176
3,2/24/2024,25,226,377
1,2/25/2024,25,0,352
5,2/26/2024,19,0,333
5,2/27/2024,14,0,319
4,2/28/2024,28,0,291
3,2/29/2024,39,0,252
3,3/1/2024,35,0,217
5,3/2/2024,37,0,180
5,3/3/2024,36,279,423
2,3/4/2024,17,0,406
1,3/5/2024,26,0,380
3,3/6/2024,38,0,342
2,3/7/2024,12,0,330
2,3/8/2024,10,0,320
1,3/9/2024,39,0,281
5,3/10/2024,37,0,244
5,3/11/2024,18,0,226
3,3/12/2024,10,0,216
4,3/13/2024,26,0,190
5,3/14/2024,28,304,466
1,3/15/2024,10,0,456
5,3/16/2024,12,0,444
4,3/17/2024,36,0,408
2,3/18/2024,16,0,392
1,3/19/2024,31,0,361
1,3/20/2024,11,0,350
3,3/21/2024,25,0,325
3,3/22/2024,36,0,289
1,3/23/2024,10,0,279
5,3/24/2024,15,0,264
2,3/25/2024,21,0,243
4,3/26/2024,28,0,215
1,3/27/2024,17,0,198
5,3/28/2024,29,241,410
3,3/29/2024,37,0,373
3,3/30/2024,31,0,342
3,3/31/2024,40,0,302
4,4/1/2024,17,0,285
2,4/2/2024,28,0,257
2,4/3/2024,26,0,231
2,4/4/2024,31,0,200
1,4/5/2024,28,0,172
5,4/6/2024,31,272,413
1,4/7/2024,17,0,396
1,4/8/2024,22,0,374
2,4/9/2024,36,0,338
4,4/10/2024,16,0,322
4,4/11/2024,40,0,282
1,4/12/2024,23,0,259
4,4/13/2024,34,0,225
4,4/14/2024,22,0,203
5,4/15/2024,36,0,167
4,4/16/2024,14,347,500
5,4/17/2024,34,0,466
1,4/18/2024,27,0,439
1,4/19/2024,32,0,407
2,4/20/2024,25,0,382
2,4/21/2024,15,0,367
4,4/22/2024,25,0,342
3,4/23/2024,30,0,312
2,4/24/2024,30,0,282
1,4/25/2024,13,0,269
4,4/26/2024,40,0,229
5,4/27/2024,36,0,193
2,4/28/2024,22,282,453
4,4/29/2024,30,0,423
3,4/30/2024,39,0,384
1,5/1/2024,20,0,364
5,5/2/2024,25,0,339
5,5/3/2024,19,0,320
5,5/4/2024,21,0,299
3,5/5/2024,24,0,275
4,5/6/2024,19,0,256
1,5/7/2024,20,0,236
1,5/8/2024,29,0,207
1,5/9/2024,21,0,186
5,5/10/2024,16,381,551
4,5/11/2024,33,0,518
1,5/12/2024,20,0,498
4,5/13/2024,36,0,462
2,5/14/2024,25,0,437
1,5/15/2024,34,0,403
1,5/16/2024,25,0,378
1,5/17/2024,11,0,367
1,5/18/2024,26,0,341
5,5/19/2024,22,0,319
4,5/20/2024,19,0,300
1,5/21/2024,37,0,263
2,5/22/2024,33,0,230
4,5/23/2024,27,0,203
5,5/24/2024,30,0,173
2,5/25/2024,38,256,391
3,5/26/2024,33,0,358
2,5/27/2024,28,0,330
1,5/28/2024,37,0,293
5,5/29/2024,34,0,259
3,5/30/2024,27,0,232
4,5/31/2024,15,0,217
3,6/1/2024,28,0,189
1,6/2/2024,24,227,392
2,6/3/2024,30,0,362
3,6/4/2024,27,0,335
1,6/5/2024,39,0,296
2,6/6/2024,16,0,280
1,6/7/2024,28,0,252
1,6/8/2024,12,0,240
5,6/9/2024,23,0,217
4,6/10/2024,28,0,189
5,6/11/2024,13,341,517
5,6/12/2024,33,0,484
5,6/13/2024,40,0,444
1,6/14/2024,31,0,413
5,6/15/2024,26,0,387
2,6/16/2024,22,0,365
1,6/17/2024,26,0,339
5,6/18/2024,17,0,322
5,6/19/2024,18,0,304
4,6/20/2024,32,0,272
2,6/21/2024,28,0,244
4,6/22/2024,20,0,224
3,6/23/2024,25,0,199
4,6/24/2024,22,380,557
3,6/25/2024,36,0,521
4,6/26/2024,34,0,487
4,6/27/2024,17,0,470
2,6/28/2024,24,0,446
5,6/29/2024,14,0,432
1,6/30/2024,30,0,402
1,7/1/2024,32,0,370
2,7/2/2024,20,0,350
4,7/3/2024,29,0,321
4,7/4/2024,30,0,291
1,7/5/2024,30,0,261
4,7/6/2024,37,0,224
4,7/7/2024,23,0,201
3,7/8/2024,29,0,172
3,7/9/2024,28,263,407
3,7/10/2024,25,0,382
3,7/11/2024,39,0,343
5,7/12/2024,23,0,320
4,7/13/2024,29,0,291
1,7/14/2024,12,0,279
2,7/15/2024,20,0,259
1,7/16/2024,32,0,227
4,7/17/2024,30,0,197
5,7/18/2024,32,259,424
1,7/19/2024,36,0,388
1,7/20/2024,30,0,358
1,7/21/2024,10,0,348
2,7/22/2024,15,0,333
5,7/23/2024,37,0,296
3,7/24/2024,39,0,257
5,7/25/2024,38,0,219
2,7/26/2024,19,0,200
1,7/27/2024,31,0,169
3,7/28/2024,15,368,522
2,7/29/2024,13,0,509
3,7/30/2024,37,0,472
3,7/31/2024,39,0,433
1,8/1/2024,15,0,418
1,8/2/2024,29,0,389
5,8/3/2024,19,0,370
1,8/4/2024,34,0,336
5,8/5/2024,23,0,313
5,8/6/2024,37,0,276
4,8/7/2024,17,0,259
3,8/8/2024,27,0,232
2,8/9/2024,26,0,206
1,8/10/2024,33,0,173
2,8/11/2024,35,332,470
2,8/12/2024,22,0,448
5,8/13/2024,22,0,426
5,8/14/2024,10,0,416
5,8/15/2024,18,0,398
4,8/16/2024,10,0,388
4,8/17/2024,35,0,353
4,8/18/2024,13,0,340
1,8/19/2024,16,0,324
2,8/20/2024,22,0,302
3,8/21/2024,38,0,264
1,8/22/2024,18,0,246
1,8/23/2024,29,0,217
2,8/24/2024,19,0,198
1,8/25/2024,34,229,393
3,8/26/2024,27,0,366
5,8/27/2024,15,0,351
3,8/28/2024,14,0,337
1,8/29/2024,34,0,303
2,8/30/2024,26,0,277
3,8/31/2024,40,0,237
2,9/1/2024,24,0,213
1,9/2/2024,30,0,183
1,9/3/2024,35,220,368
1,9/4/2024,18,0,350
5,9/5/2024,35,0,315
3,9/6/2024,28,0,287
5,9/7/2024,28,0,259
2,9/8/2024,38,0,221
5,9/9/2024,38,0,183
1,9/10/2024,38,259,404
4,9/11/2024,26,0,378
2,9/12/2024,29,0,349
5,9/13/2024,33,0,316
1,9/14/2024,28,0,288
3,9/15/2024,35,0,253
2,9/16/2024,40,0,213
2,9/17/2024,23,0,190
5,9/18/2024,23,377,544
4,9/19/2024,35,0,509
3,9/20/2024,38,0,471
4,9/21/2024,11,0,460
2,9/22/2024,38,0,422
5,9/23/2024,25,0,397
2,9/24/2024,22,0,375
4,9/25/2024,29,0,346
3,9/26/2024,38,0,308
4,9/27/2024,28,0,280
4,9/28/2024,29,0,251
3,9/29/2024,23,0,228
5,9/30/2024,23,0,205
1,10/1/2024,26,0,179
4,10/2/2024,28,242,393
4,10/3/2024,19,0,374
1,10/4/2024,36,0,338
5,10/5/2024,38,0,300
5,10/6/2024,19,0,281
1,10/7/2024,23,0,258
4,10/8/2024,32,0,226
4,10/9/2024,19,0,207
1,10/10/2024,38,0,169
5,10/11/2024,31,369,507
2,10/12/2024,20,0,487
1,10/13/2024,33,0,454
4,10/14/2024,40,0,414
2,10/15/2024,25,0,389
2,10/16/2024,20,0,369
2,10/17/2024,40,0,329
1,10/18/2024,17,0,312
5,10/19/2024,35,0,277
3,10/20/2024,15,0,262
5,10/21/2024,34,0,228
2,10/22/2024,22,0,206
1,10/23/2024,35,0,171
5,10/24/2024,14,215,372
4,10/25/2024,23,0,349
4,10/26/2024,10,0,339
5,10/27/2024,12,0,327
2,10/28/2024,21,0,306
4,10/29/2024,13,0,293
4,10/30/2024,19,0,274
2,10/31/2024,39,0,235
2,11/1/2024,32,0,203
4,11/2/2024,37,0,166
1,11/3/2024,18,330,478
2,11/4/2024,24,0,454
4,11/5/2024,40,0,414
2,11/6/2024,23,0,391
3,11/7/2024,19,0,372
3,11/8/2024,11,0,361
2,11/9/2024,26,0,335
2,11/10/2024,34,0,301
1,11/11/2024,20,0,281
4,11/12/2024,27,0,254
1,11/13/2024,12,0,242
5,11/14/2024,25,0,217
5,11/15/2024,19,0,198
3,11/16/2024,19,312,491
5,11/17/2024,39,0,452
2,11/18/2024,12,0,440
1,11/19/2024,38,0,402
5,11/20/2024,36,0,366
4,11/21/2024,21,0,345
5,11/22/2024,31,0,314
1,11/23/2024,19,0,295
1,11/24/2024,10,0,285
1,11/25/2024,26,0,259
1,11/26/2024,12,0,247
4,11/27/2024,38,0,209
1,11/28/2024,15,0,194
3,11/29/2024,40,383,537
5,11/30/2024,14,0,523
3,12/1/2024,17,0,506
1,12/2/2024,22,0,484
3,12/3/2024,24,0,460
1,12/4/2024,15,0,445
1,12/5/2024,31,0,414
5,12/6/2024,26,0,388
1,12/7/2024,34,0,354
1,12/8/2024,18,0,336
1,12/9/2024,32,0,304
2,12/10/2024,16,0,288
4,12/11/2024,18,0,270
2,12/12/2024,12,0,258
3,12/13/2024,19,0,239
3,12/14/2024,13,0,226
5,12/15/2024,11,0,215
4,12/16/2024,10,0,205
3,12/17/2024,18,0,187
3,12/18/2024,27,208,368
1,12/19/2024,19,0,349
3,12/20/2024,37,0,312
1,12/21/2024,38,0,274
1,12/22/2024,24,0,250
1,12/23/2024,31,0,219
5,12/24/2024,30,0,189
1,12/25/2024,36,247,400
2,12/26/2024,15,0,385
5,12/27/2024,19,0,366
4,12/28/2024,20,0,346
1,12/29/2024,32,0,314
5,12/30/2024,20,0,294
5,12/31/2024,37,0,257
1,1/1/2025,13,0,244
5,1/2/2025,35,0,209
4,1/3/2025,13,0,196
1,1/4/2025,26,260,430
4,1/5/2025,30,0,400
5,1/6/2025,32,0,368
4,1/7/2025,28,0,340
1,1/8/2025,14,0,326
2,1/9/2025,10,0,316
2,1/10/2025,29,0,287
5,1/11/2025,30,0,257
4,1/12/2025,10,0,247
2,1/13/2025,22,0,225
5,1/14/2025,24,0,201
5,1/15/2025,37,0,164
1,1/16/2025,36,357,485
4,1/17/2025,26,0,459
3,1/18/2025,15,0,444
4,1/19/2025,16,0,428
5,1/20/2025,15,0,413
4,1/21/2025,11,0,402
4,1/22/2025,14,0,388
2,1/23/2025,38,0,350
5,1/24/2025,28,0,322
3,1/25/2025,30,0,292
4,1/26/2025,11,0,281
4,1/27/2025,36,0,245
2,1/28/2025,31,0,214
3,1/29/2025,39,0,175
2,1/30/2025,25,371,521
4,1/31/2025,35,0,486
4,2/1/2025,14,0,472
4,2/2/2025,16,0,456
1,2/3/2025,21,0,435
4,2/4/2025,37,0,398
4,2/5/2025,37,0,361
3,2/6/2025,14,0,347
4,2/7/2025,16,0,331
2,2/8/2025,25,0,306
4,2/9/2025,33,0,273
4,2/10/2025,26,0,247
3,2/11/2025,28,0,219
5,2/12/2025,31,0,188
2,2/13/2025,27,385,546
1,2/14/2025,12,0,534
5,2/15/2025,32,0,502
3,2/16/2025,12,0,490
2,2/17/2025,18,0,472
4,2/18/2025,13,0,459
4,2/19/2025,23,0,436
3,2/20/2025,13,0,423
5,2/21/2025,29,0,394
3,2/22/2025,37,0,357
2,2/23/2025,32,0,325
3,2/24/2025,39,0,286
1,2/25/2025,39,0,247
5,2/26/2025,19,0,228
2,2/27/2025,37,0,191
5,2/28/2025,34,257,414
4,3/1/2025,11,0,403
4,3/2/2025,25,0,378
2,3/3/2025,34,0,344
1,3/4/2025,30,0,314
4,3/5/2025,10,0,304
4,3/6/2025,26,0,278
4,3/7/2025,36,0,242
4,3/8/2025,11,0,231
5,3/9/2025,24,0,207
5,3/10/2025,21,0,186
2,3/11/2025,38,214,362
1,3/12/2025,11,0,351
3,3/13/2025,15,0,336
1,3/14/2025,13,0,323
3,3/15/2025,32,0,291
2,3/16/2025,23,0,268
2,3/17/2025,13,0,255
5,3/18/2025,39,0,216
1,3/19/2025,29,0,187
2,3/20/2025,36,212,363
1,3/21/2025,32,0,331
1,3/22/2025,18,0,313
2,3/23/2025,10,0,303
3,3/24/2025,36,0,267
3,3/25/2025,20,0,247
2,3/26/2025,13,0,234
5,3/27/2025,14,0,220
2,3/28/2025,20,0,200
3,3/29/2025,16,0,184
1,3/30/2025,21,355,518
1,3/31/2025,34,0,484
1,4/1/2025,20,0,464
2,4/2/2025,16,0,448
3,4/3/2025,10,0,438
3,4/4/2025,18,0,420
3,4/5/2025,38,0,382
1,4/6/2025,17,0,365
5,4/7/2025,18,0,347
4,4/8/2025,39,0,308
4,4/9/2025,40,0,268
3,4/10/2025,39,0,229
2,4/11/2025,25,0,204
4,4/12/2025,37,0,167
4,4/13/2025,32,387,522
5,4/14/2025,29,0,493
5,4/15/2025,24,0,469
4,4/16/2025,11,0,458
4,4/17/2025,36,0,422
5,4/18/2025,31,0,391
4,4/19/2025,17,0,374
4,4/20/2025,22,0,352
5,4/21/2025,29,0,323
5,4/22/2025,15,0,308
2,4/23/2025,32,0,276
1,4/24/2025,35,0,241
3,4/25/2025,16,0,225
2,4/26/2025,22,0,203
4,4/27/2025,19,0,184
4,4/28/2025,29,298,453
4,4/29/2025,13,0,440
5,4/30/2025,25,0,415
3,5/1/2025,31,0,384
3,5/2/2025,29,0,355
3,5/3/2025,25,0,330
4,5/4/2025,21,0,309
5,5/5/2025,39,0,270
2,5/6/2025,11,0,259
3,5/7/2025,22,0,237
2,5/8/2025,27,0,210
4,5/9/2025,39,0,171
1,5/10/2025,35,336,472
4,5/11/2025,38,0,434
3,5/12/2025,27,0,407
3,5/13/2025,22,0,385
5,5/14/2025,33,0,352
5,5/15/2025,16,0,336
5,5/16/2025,34,0,302
5,5/17/2025,22,0,280
2,5/18/2025,12,0,268
4,5/19/2025,10,0,258
5,5/20/2025,13,0,245
4,5/21/2025,35,0,210
4,5/22/2025,38,0,172
4,5/23/2025,30,234,376
4,5/24/2025,24,0,352
4,5/25/2025,12,0,340
1,5/26/2025,11,0,329
1,5/27/2025,11,0,318
5,5/28/2025,39,0,279
1,5/29/2025,10,0,269
4,5/30/2025,27,0,242
3,5/31/2025,18,0,224
2,6/1/2025,30,0,194
2,6/2/2025,12,229,411
3,6/3/2025,26,0,385
5,6/4/2025,32,0,353
2,6/5/2025,37,0,316
5,6/6/2025,24,0,292
2,6/7/2025,23,0,269
5,6/8/2025,16,0,253
2,6/9/2025,27,0,226
3,6/10/2025,17,0,209
2,6/11/2025,36,0,173
2,6/12/2025,23,347,497
5,6/13/2025,30,0,467
2,6/14/2025,28,0,439
2,6/15/2025,35,0,404
4,6/16/2025,31,0,373
1,6/17/2025,13,0,360
5,6/18/2025,26,0,334
4,6/19/2025,10,0,324
2,6/20/2025,11,0,313
5,6/21/2025,37,0,276
2,6/22/2025,11,0,265
3,6/23/2025,22,0,243
3,6/24/2025,29,0,214
2,6/25/2025,14,0,200
1,6/26/2025,17,0,183
2,6/27/2025,18,328,493
2,6/28/2025,19,0,474
1,6/29/2025,27,0,447
4,6/30/2025,27,0,420
1,7/1/2025,16,0,404
3,7/2/2025,10,0,394
4,7/3/2025,29,0,365
4,7/4/2025,29,0,336
4,7/5/2025,27,0,309
1,7/6/2025,27,0,282
3,7/7/2025,20,0,262
3,7/8/2025,30,0,232
2,7/9/2025,38,0,194
2,7/10/2025,18,315,491
1,7/11/2025,29,0,462
3,7/12/2025,22,0,440
1,7/13/2025,16,0,424
4,7/14/2025,27,0,397
3,7/15/2025,23,0,374
3,7/16/2025,12,0,362
3,7/17/2025,20,0,342
2,7/18/2025,25,0,317
2,7/19/2025,34,0,283
3,7/20/2025,30,0,253
2,7/21/2025,11,0,242
1,7/22/2025,10,0,232
3,7/23/2025,36,0,196
1,7/24/2025,33,234,397
4,7/25/2025,10,0,387
5,7/26/2025,39,0,348
4,7/27/2025,25,0,323
5,7/28/2025,21,0,302
3,7/29/2025,39,0,263
3,7/30/2025,24,0,239
3,7/31/2025,38,0,201
1,8/1/2025,30,0,171
3,8/2/2025,24,306,453
4,8/3/2025,21,0,432
1,8/4/2025,39,0,393
5,8/5/2025,19,0,374
3,8/6/2025,33,0,341
2,8/7/2025,29,0,312
4,8/8/2025,36,0,276
4,8/9/2025,35,0,241
2,8/10/2025,33,0,208
3,8/11/2025,31,0,177
1,8/12/2025,23,232,386
3,8/13/2025,40,0,346
2,8/14/2025,40,0,306
2,8/15/2025,19,0,287
2,8/16/2025,39,0,248
1,8/17/2025,35,0,213
4,8/18/2025,18,0,195
2,8/19/2025,22,378,551
2,8/20/2025,40,0,511
2,8/21/2025,30,0,481
4,8/22/2025,40,0,441
2,8/23/2025,37,0,404
5,8/24/2025,30,0,374
2,8/25/2025,25,0,349
3,8/26/2025,36,0,313
4,8/27/2025,16,0,297
5,8/28/2025,36,0,261
5,8/29/2025,28,0,233
2,8/30/2025,18,0,215
2,8/31/2025,36,0,179
2,9/1/2025,22,280,437
2,9/2/2025,22,0,415
4,9/3/2025,25,0,390
4,9/4/2025,29,0,361
2,9/5/2025,10,0,351
2,9/6/2025,22,0,329
5,9/7/2025,32,0,297
3,9/8/2025,25,0,272
3,9/9/2025,14,0,258
1,9/10/2025,35,0,223
3,9/11/2025,31,0,192
2,9/12/2025,34,328,486
5,9/13/2025,12,0,474
1,9/14/2025,29,0,445
2,9/15/2025,29,0,416
4,9/16/2025,24,0,392
3,9/17/2025,23,0,369
1,9/18/2025,40,0,329
1,9/19/2025,26,0,303
2,9/20/2025,29,0,274
1,9/21/2025,25,0,249
3,9/22/2025,18,0,231
4,9/23/2025,18,0,213
4,9/24/2025,27,0,186
2,9/25/2025,33,263,416
4,9/26/2025,38,0,378
4,9/27/2025,16,0,362
1,9/28/2025,27,0,335
1,9/29/2025,19,0,316
5,9/30/2025,11,0,305
1,10/1/2025,31,0,274
3,10/2/2025,15,0,259
3,10/3/2025,22,0,237
4,10/4/2025,32,0,205
3,10/5/2025,16,0,189
2,10/6/2025,28,318,479
4,10/7/2025,39,0,440
5,10/8/2025,15,0,425
1,10/9/2025,21,0,404
2,10/10/2025,24,0,380
5,10/11/2025,22,0,358
2,10/12/2025,35,0,323
5,10/13/2025,36,0,287
3,10/14/2025,29,0,258
2,10/15/2025,33,0,225
2,10/16/2025,19,0,206
5,10/17/2025,28,0,178
4,10/18/2025,36,211,353
4,10/19/2025,36,0,317
4,10/20/2025,27,0,290
1,10/21/2025,34,0,256
2,10/22/2025,33,0,223
1,10/23/2025,28,0,195
5,10/24/2025,17,391,569
3,10/25/2025,11,0,558
3,10/26/2025,18,0,540
2,10/27/2025,36,0,504
4,10/28/2025,35,0,469
1,10/29/2025,25,0,444
3,10/30/2025,24,0,420
1,10/31/2025,36,0,384
5,11/1/2025,18,0,366
1,11/2/2025,15,0,351
4,11/3/2025,27,0,324
4,11/4/2025,15,0,309
4,11/5/2025,10,0,299
1,11/6/2025,36,0,263
4,11/7/2025,23,0,240
4,11/8/2025,22,0,218
1,11/9/2025,32,0,186
5,11/10/2025,23,271,434
5,11/11/2025,17,0,417
4,11/12/2025,19,0,398
1,11/13/2025,23,0,375
4,11/14/2025,34,0,341
5,11/15/2025,14,0,327
2,11/16/2025,33,0,294
3,11/17/2025,35,0,259
4,11/18/2025,25,0,234
5,11/19/2025,30,0,204
2,11/20/2025,27,0,177
1,11/21/2025,29,369,517
2,11/22/2025,28,0,489
3,11/23/2025,28,0,461
2,11/24/2025,14,0,447
3,11/25/2025,11,0,436
1,11/26/2025,28,0,408
5,11/27/2025,17,0,391
5,11/28/2025,20,0,371
1,11/29/2025,33,0,338
2,11/30/2025,38,0,300
2,12/1/2025,30,0,270
3,12/2/2025,25,0,245
3,12/3/2025,22,0,223
5,12/4/2025,28,0,195
5,12/5/2025,15,367,547
5,12/6/2025,19,0,528
4,12/7/2025,29,0,499
3,12/8/2025,14,0,485
2,12/9/2025,37,0,448
2,12/10/2025,32,0,416
5,12/11/2025,37,0,379
2,12/12/2025,30,0,349
3,12/13/2025,40,0,309
2,12/14/2025,37,0,272
5,12/15/2025,11,0,261
4,12/16/2025,18,0,243
2,12/17/2025,36,0,207
2,12/18/2025,20,0,187
2,12/19/2025,15,387,559
1,12/20/2025,18,0,541
4,12/21/2025,25,0,516
2,12/22/2025,29,0,487
4,12/23/2025,28,0,459
3,12/24/2025,33,0,426
4,12/25/2025,33,0,393
1,12/26/2025,19,0,374
1,12/27/2025,30,0,344
4,12/28/2025,26,0,318
3,12/29/2025,22,0,296
1,12/30/2025,34,0,262
4,12/31/2025,40,0,222
5,1/1/2026,15,0,207
2,1/2/2026,10,0,197
2,1/3/2026,20,299,476
4,1/4/2026,16,0,460
2,1/5/2026,12,0,448
1,1/6/2026,33,0,415
1,1/7/2026,14,0,401
4,1/8/2026,32,0,369
3,1/9/2026,16,0,353
4,1/10/2026,31,0,322
2,1/11/2026,10,0,312
1,1/12/2026,14,0,298
5,1/13/2026,38,0,260
3,1/14/2026,29,0,231
5,1/15/2026,18,0,213
3,1/16/2026,11,0,202
2,1/17/2026,40,0,162
5,1/18/2026,14,321,469
4,1/19/2026,21,0,448
4,1/20/2026,40,0,408
1,1/21/2026,38,0,370
2,1/22/2026,27,0,343
3,1/23/2026,35,0,308
2,1/24/2026,21,0,287
3,1/25/2026,24,0,263
3,1/26/2026,32,0,231
3,1/27/2026,23,0,208
4,1/28/2026,26,0,182
1,1/29/2026,36,263,409
3,1/30/2026,35,0,374
3,1/31/2026,11,0,363
4,2/1/2026,16,0,347
3,2/2/2026,11,0,336
2,2/3/2026,38,0,298
3,2/4/2026,17,0,281
5,2/5/2026,37,0,244
4,2/6/2026,32,0,212
5,2/7/2026,30,0,182
4,2/8/2026,25,213,370
3,2/9/2026,32,0,338
2,2/10/2026,35,0,303
5,2/11/2026,11,0,292
2,2/12/2026,36,0,256
2,2/13/2026,30,0,226
2,2/14/2026,18,0,208
5,2/15/2026,23,0,185
3,2/16/2026,20,352,517
4,2/17/2026,11,0,506
4,2/18/2026,21,0,485
2,2/19/2026,11,0,474
3,2/20/2026,26,0,448
4,2/21/2026,12,0,436
2,2/22/2026,26,0,410
1,2/23/2026,23,0,387
2,2/24/2026,36,0,351
3,2/25/2026,18,0,333
3,2/26/2026,10,0,323
4,2/27/2026,23,0,300
2,2/28/2026,36,0,264
5,3/1/2026,15,0,249
5,3/2/2026,39,0,210
3,3/3/2026,40,0,170
5,3/4/2026,22,334,482
3,3/5/2026,14,0,468
2,3/6/2026,10,0,458
1,3/7/2026,10,0,448
5,3/8/2026,26,0,422
2,3/9/2026,12,0,410
5,3/10/2026,22,0,388
2,3/11/2026,21,0,367
1,3/12/2026,18,0,349
2,3/13/2026,21,0,328
3,3/14/2026,11,0,317
5,3/15/2026,29,0,288
5,3/16/2026,22,0,266
4,3/17/2026,35,0,231
5,3/18/2026,39,0,192
2,3/19/2026,20,365,537
1,3/20/2026,35,0,502
3,3/21/2026,33,0,469
2,3/22/2026,11,0,458
3,3/23/2026,33,0,425
5,3/24/2026,18,0,407
5,3/25/2026,13,0,394
4,3/26/2026,21,0,373
2,3/27/2026,33,0,340
1,3/28/2026,31,0,309
2,3/29/2026,32,0,277
1,3/30/2026,25,0,252
5,3/31/2026,29,0,223
1,4/1/2026,22,0,201
1,4/2/2026,24,0,177
4,4/3/2026,40,275,412
5,4/4/2026,12,0,400
4,4/5/2026,36,0,364
2,4/6/2026,16,0,348
1,4/7/2026,38,0,310
2,4/8/2026,34,0,276
5,4/9/2026,39,0,237
4,4/10/2026,10,0,227
4,4/11/2026,40,0,187
4,4/12/2026,26,301,462
3,4/13/2026,16,0,446
2,4/14/2026,25,0,421
2,4/15/2026,30,0,391
2,4/16/2026,27,0,364
3,4/17/2026,34,0,330
5,4/18/2026,29,0,301
2,4/19/2026,13,0,288
4,4/20/2026,23,0,265
2,4/21/2026,27,0,238
1,4/22/2026,15,0,223
4,4/23/2026,40,0,183
1,4/24/2026,21,295,457
2,4/25/2026,22,0,435
4,4/26/2026,21,0,414
4,4/27/2026,32,0,382
2,4/28/2026,32,0,350
3,4/29/2026,40,0,310
4,4/30/2026,20,0,290
4,5/1/2026,10,0,280
4,5/2/2026,32,0,248
3,5/3/2026,10,0,238
1,5/4/2026,13,0,225
5,5/5/2026,11,0,214
4,5/6/2026,24,0,190
2,5/7/2026,31,331,490
5,5/8/2026,13,0,477
3,5/9/2026,34,0,443
3,5/10/2026,21,0,422
1,5/11/2026,34,0,388
2,5/12/2026,19,0,369
3,5/13/2026,34,0,335
4,5/14/2026,39,0,296
2,5/15/2026,17,0,279
5,5/16/2026,40,0,239
2,5/17/2026,30,0,209
5,5/18/2026,28,0,181
4,5/19/2026,29,314,466
4,5/20/2026,15,0,451
3,5/21/2026,10,0,441
1,5/22/2026,38,0,403
1,5/23/2026,18,0,385
4,5/24/2026,16,0,369
3,5/25/2026,35,0,334
3,5/26/2026,33,0,301
3,5/27/2026,24,0,277
2,5/28/2026,20,0,257
1,5/29/2026,19,0,238
1,5/30/2026,40,0,198
1,5/31/2026,12,339,525
5,6/1/2026,21,0,504
4,6/2/2026,38,0,466
4,6/3/2026,13,0,453
4,6/4/2026,40,0,413
1,6/5/2026,37,0,376
2,6/6/2026,34,0,342
2,6/7/2026,19,0,323
4,6/8/2026,26,0,297
1,6/9/2026,13,0,284
4,6/10/2026,15,0,269
2,6/11/2026,30,0,239
3,6/12/2026,33,0,206
3,6/13/2026,40,0,166
1,6/14/2026,39,344,471
5,6/15/2026,29,0,442
3,6/16/2026,14,0,428
5,6/17/2026,26,0,402
2,6/18/2026,18,0,384
4,6/19/2026,31,0,353
2,6/20/2026,33,0,320
3,6/21/2026,12,0,308
4,6/22/2026,11,0,297
3,6/23/2026,22,0,275
2,6/24/2026,33,0,242
5,6/25/2026,29,0,213
4,6/26/2026,11,0,202
3,6/27/2026,22,0,180
3,6/28/2026,33,290,437
4,6/29/2026,29,0,408
1,6/30/2026,15,0,393
5,7/1/2026,15,0,378
1,7/2/2026,23,0,355
4,7/3/2026,27,0,328
5,7/4/2026,10,0,318
4,7/5/2026,27,0,291
5,7/6/2026,25,0,266
3,7/7/2026,17,0,249
2,7/8/2026,34,0,215
1,7/9/2026,11,0,204
2,7/10/2026,17,0,187
1,7/11/2026,17,354,524
3,7/12/2026,33,0,491
5,7/13/2026,13,0,478
4,7/14/2026,38,0,440
5,7/15/2026,12,0,428
1,7/16/2026,26,0,402
5,7/17/2026,30,0,372
4,7/18/2026,39,0,333
5,7/19/2026,21,0,312
2,7/20/2026,12,0,300
5,7/21/2026,29,0,271
4,7/22/2026,19,0,252
2,7/23/2026,36,0,216
1,7/24/2026,21,0,195
4,7/25/2026,22,296,469
5,7/26/2026,30,0,439
2,7/27/2026,21,0,418
1,7/28/2026,12,0,406
3,7/29/2026,27,0,379
1,7/30/2026,27,0,352
3,7/31/2026,11,0,341
4,8/1/2026,17,0,324
3,8/2/2026,36,0,288
5,8/3/2026,18,0,270
5,8/4/2026,26,0,244
3,8/5/2026,26,0,218
5,8/6/2026,11,0,207
2,8/7/2026,37,0,170
3,8/8/2026,35,284,419
1,8/9/2026,16,0,403
4,8/10/2026,30,0,373
2,8/11/2026,35,0,338
3,8/12/2026,27,0,311
2,8/13/2026,36,0,275
1,8/14/2026,17,0,258
3,8/15/2026,32,0,226
2,8/16/2026,18,0,208
3,8/17/2026,38,0,170
3,8/18/2026,31,285,424
4,8/19/2026,33,0,391
1,8/20/2026,38,0,353
1,8/21/2026,37,0,316
5,8/22/2026,24,0,292
3,8/23/2026,25,0,267
3,8/24/2026,26,0,241
3,8/25/2026,21,0,220
1,8/26/2026,32,0,188
3,8/27/2026,14,371,545
2,8/28/2026,29,0,516
4,8/29/2026,13,0,503
4,8/30/2026,35,0,468
1,8/31/2026,28,0,440
3,9/1/2026,28,0,412
2,9/2/2026,21,0,391
3,9/3/2026,16,0,375
3,9/4/2026,11,0,364
4,9/5/2026,18,0,346
1,9/6/2026,21,0,325
4,9/7/2026,29,0,296
1,9/8/2026,21,0,275
1,9/9/2026,37,0,238
4,9/10/2026,30,0,208
5,9/11/2026,16,0,192
3,9/12/2026,31,210,371
3,9/13/2026,23,0,348
3,9/14/2026,40,0,308
4,9/15/2026,24,0,284
3,9/16/2026,34,0,250
1,9/17/2026,40,0,210
5,9/18/2026,14,0,196
2,9/19/2026,27,309,478
5,9/20/2026,17,0,461
4,9/21/2026,21,0,440
3,9/22/2026,33,0,407
5,9/23/2026,37,0,370
5,9/24/2026,11,0,359
4,9/25/2026,34,0,325
2,9/26/2026,15,0,310
3,9/27/2026,39,0,271
2,9/28/2026,25,0,246
1,9/29/2026,14,0,232
4,9/30/2026,10,0,222
2,10/1/2026,21,0,201
2,10/2/2026,16,0,185
3,10/3/2026,27,358,516
1,10/4/2026,14,0,502
2,10/5/2026,32,0,470
1,10/6/2026,39,0,431
2,10/7/2026,33,0,398
1,10/8/2026,17,0,381
2,10/9/2026,24,0,357
5,10/10/2026,37,0,320
3,10/11/2026,24,0,296
4,10/12/2026,31,0,265
3,10/13/2026,22,0,243
2,10/14/2026,19,0,224
2,10/15/2026,38,0,186
3,10/16/2026,33,379,532
2,10/17/2026,14,0,518
2,10/18/2026,39,0,479
2,10/19/2026,17,0,462
1,10/20/2026,15,0,447
5,10/21/2026,22,0,425
2,10/22/2026,20,0,405
2,10/23/2026,27,0,378
5,10/24/2026,19,0,359
3,10/25/2026,24,0,335
3,10/26/2026,17,0,318
1,10/27/2026,37,0,281
5,10/28/2026,37,0,244
2,10/29/2026,29,0,215
5,10/30/2026,39,0,176
4,10/31/2026,21,215,370
1,11/1/2026,39,0,331
3,11/2/2026,35,0,296
2,11/3/2026,40,0,256
1,11/4/2026,28,0,228
1,11/5/2026,40,0,188
2,11/6/2026,19,215,384
3,11/7/2026,11,0,373
3,11/8/2026,24,0,349
2,11/9/2026,38,0,311
1,11/10/2026,11,0,300
4,11/11/2026,36,0,264
1,11/12/2026,15,0,249
4,11/13/2026,36,0,213
3,11/14/2026,14,0,199
1,11/15/2026,19,309,489
1,11/16/2026,17,0,472
4,11/17/2026,13,0,459
4,11/18/2026,29,0,430
2,11/19/2026,24,0,406
1,11/20/2026,22,0,384
3,11/21/2026,27,0,357
1,11/22/2026,23,0,334
5,11/23/2026,17,0,317
2,11/24/2026,23,0,294
4,11/25/2026,32,0,262
4,11/26/2026,37,0,225
4,11/27/2026,31,0,194
5,11/28/2026,34,289,449
2,11/29/2026,40,0,409
2,11/30/2026,27,0,382
4,12/1/2026,25,0,357
2,12/2/2026,29,0,328
3,12/3/2026,18,0,310
4,12/4/2026,16,0,294
2,12/5/2026,33,0,261
1,12/6/2026,33,0,228
1,12/7/2026,21,0,207
1,12/8/2026,27,0,180
2,12/9/2026,36,378,522
2,12/10/2026,12,0,510
3,12/11/2026,10,0,500
2,12/12/2026,37,0,463
2,12/13/2026,13,0,450
3,12/14/2026,40,0,410
1,12/15/2026,10,0,400
1,12/16/2026,30,0,370
3,12/17/2026,34,0,336
1,12/18/2026,38,0,298
4,12/19/2026,36,0,262
5,12/20/2026,40,0,222
4,12/21/2026,26,0,196
3,12/22/2026,38,202,360
1,12/23/2026,21,0,339
2,12/24/2026,34,0,305
1,12/25/2026,31,0,274
1,12/26/2026,13,0,261
4,12/27/2026,22,0,239
4,12/28/2026,26,0,213
4,12/29/2026,37,0,176
1,12/30/2026,24,228,380
5,12/31/2026,15,0,365
3,1/1/2027,19,0,346
3,1/2/2027,19,0,327
3,1/3/2027,14,0,313
5,1/4/2027,17,0,296
5,1/5/2027,30,0,266
4,1/6/2027,26,0,240
3,1/7/2027,27,0,213
2,1/8/2027,21,0,192
3,1/9/2027,31,379,540
5,1/10/2027,37,0,503
3,1/11/2027,36,0,467
3,1/12/2027,31,0,436
4,1/13/2027,40,0,396
1,1/14/2027,38,0,358
3,1/15/2027,11,0,347
2,1/16/2027,11,0,336
2,1/17/2027,24,0,312
5,1/18/2027,29,0,283
2,1/19/2027,39,0,244
2,1/20/2027,30,0,214
1,1/21/2027,35,0,179
1,1/22/2027,10,276,445
4,1/23/2027,19,0,426
5,1/24/2027,27,0,399
3,1/25/2027,27,0,372
5,1/26/2027,29,0,343
3,1/27/2027,33,0,310
1,1/28/2027,28,0,282
1,1/29/2027,30,0,252
3,1/30/2027,11,0,241
4,1/31/2027,29,0,212
2,2/1/2027,32,0,180
3,2/2/2027,26,299,453
4,2/3/2027,38,0,415
3,2/4/2027,26,0,389
3,2/5/2027,20,0,369
4,2/6/2027,38,0,331
3,2/7/2027,12,0,319
3,2/8/2027,12,0,307
3,2/9/2027,34,0,273
5,2/10/2027,19,0,254
1,2/11/2027,23,0,231
1,2/12/2027,15,0,216
4,2/13/2027,17,0,199
5,2/14/2027,35,205,369
2,2/15/2027,40,0,329
1,2/16/2027,34,0,295
3,2/17/2027,29,0,266
1,2/18/2027,10,0,256
5,2/19/2027,17,0,239
2,2/20/2027,24,0,215
3,2/21/2027,24,0,191
2,2/22/2027,12,251,430
1,2/23/2027,36,0,394
5,2/24/2027,40,0,354
4,2/25/2027,28,0,326
4,2/26/2027,24,0,302
5,2/27/2027,36,0,266
4,2/28/2027,28,0,238
4,3/1/2027,26,0,212
1,3/2/2027,40,0,172
2,3/3/2027,21,267,418
4,3/4/2027,30,0,388
3,3/5/2027,38,0,350
1,3/6/2027,40,0,310
1,3/7/2027,26,0,284
4,3/8/2027,18,0,266
4,3/9/2027,27,0,239
4,3/10/2027,23,0,216
4,3/11/2027,17,0,199
2,3/12/2027,27,379,551
1,3/13/2027,19,0,532
2,3/14/2027,31,0,501
5,3/15/2027,35,0,466
1,3/16/2027,17,0,449
4,3/17/2027,12,0,437
4,3/18/2027,35,0,402
1,3/19/2027,21,0,381
3,3/20/2027,28,0,353
2,3/21/2027,40,0,313
1,3/22/2027,27,0,286
3,3/23/2027,30,0,256
5,3/24/2027,23,0,233
3,3/25/2027,27,0,206
2,3/26/2027,36,0,170
1,3/27/2027,18,201,353
2,3/28/2027,11,0,342
3,3/29/2027,11,0,331
3,3/30/2027,21,0,310
5,3/31/2027,24,0,286
5,4/1/2027,15,0,271
1,4/2/2027,16,0,255
3,4/3/2027,14,0,241
1,4/4/2027,33,0,208
3,4/5/2027,10,0,198
3,4/6/2027,26,376,548
3,4/7/2027,13,0,535
4,4/8/2027,13,0,522
5,4/9/2027,23,0,499
2,4/10/2027,37,0,462
4,4/11/2027,39,0,423
1,4/12/2027,22,0,401
2,4/13/2027,32,0,369
3,4/14/2027,20,0,349
4,4/15/2027,24,0,325
3,4/16/2027,18,0,307
2,4/17/2027,40,0,267
1,4/18/2027,10,0,257
1,4/19/2027,29,0,228
3,4/20/2027,36,0,192
1,4/21/2027,25,374,541
3,4/22/2027,32,0,509
4,4/23/2027,33,0,476
3,4/24/2027,24,0,452
3,4/25/2027,14,0,438
4,4/26/2027,39,0,399
1,4/27/2027,15,0,384
1,4/28/2027,35,0,349
3,4/29/2027,16,0,333
2,4/30/2027,29,0,304
2,5/1/2027,29,0,275
2,5/2/2027,39,0,236
5,5/3/2027,35,0,201
5,5/4/2027,39,0,162
4,5/5/2027,39,364,487
5,5/6/2027,25,0,462
4,5/7/2027,21,0,441
5,5/8/2027,26,0,415
5,5/9/2027,31,0,384
3,5/10/2027,27,0,357
4,5/11/2027,25,0,332
4,5/12/2027,15,0,317
4,5/13/2027,21,0,296
3,5/14/2027,26,0,270
4,5/15/2027,23,0,247
2,5/16/2027,20,0,227
3,5/17/2027,31,0,196
4,5/18/2027,18,250,428
3,5/19/2027,35,0,393
1,5/20/2027,19,0,374
4,5/21/2027,14,0,360
2,5/22/2027,22,0,338
1,5/23/2027,37,0,301
2,5/24/2027,30,0,271
1,5/25/2027,13,0,258
5,5/26/2027,12,0,246
3,5/27/2027,34,0,212
1,5/28/2027,18,0,194
2,5/29/2027,28,286,452
2,5/30/2027,15,0,437
5,5/31/2027,10,0,427
2,6/1/2027,40,0,387
2,6/2/2027,14,0,373
4,6/3/2027,28,0,345
3,6/4/2027,13,0,332
1,6/5/2027,24,0,308
1,6/6/2027,36,0,272
3,6/7/2027,19,0,253
3,6/8/2027,20,0,233
2,6/9/2027,35,0,198
1,6/10/2027,28,398,568
1,6/11/2027,23,0,545
4,6/12/2027,11,0,534
1,6/13/2027,29,0,505
2,6/14/2027,34,0,471
2,6/15/2027,17,0,454
5,6/16/2027,23,0,431
2,6/17/2027,38,0,393
2,6/18/2027,14,0,379
5,6/19/2027,22,0,357
5,6/20/2027,34,0,323
4,6/21/2027,18,0,305
5,6/22/2027,34,0,271
4,6/23/2027,19,0,252
5,6/24/2027,19,0,233
1,6/25/2027,18,0,215
4,6/26/2027,22,0,193
5,6/27/2027,40,274,427
5,6/28/2027,37,0,390
2,6/29/2027,12,0,378
5,6/30/2027,31,0,347
2,7/1/2027,21,0,326
4,7/2/2027,30,0,296
5,7/3/2027,38,0,258
5,7/4/2027,37,0,221
4,7/5/2027,40,0,181
2,7/6/2027,17,331,495
3,7/7/2027,34,0,461
2,7/8/2027,27,0,434
1,7/9/2027,10,0,424
3,7/10/2027,12,0,412
1,7/11/2027,17,0,395
3,7/12/2027,35,0,360
5,7/13/2027,23,0,337
3,7/14/2027,31,0,306
2,7/15/2027,36,0,270
1,7/16/2027,29,0,241
3,7/17/2027,36,0,205
1,7/18/2027,16,0,189
5,7/19/2027,28,356,517
1,7/20/2027,36,0,481
5,7/21/2027,23,0,458
3,7/22/2027,13,0,445
5,7/23/2027,16,0,429
5,7/24/2027,20,0,409
2,7/25/2027,17,0,392
2,7/26/2027,16,0,376
5,7/27/2027,13,0,363
2,7/28/2027,13,0,350
5,7/29/2027,36,0,314
1,7/30/2027,22,0,292
3,7/31/2027,15,0,277
5,8/1/2027,26,0,251
2,8/2/2027,37,0,214
2,8/3/2027,37,0,177
4,8/4/2027,35,209,351
4,8/5/2027,10,0,341
3,8/6/2027,37,0,304
3,8/7/2027,18,0,286
3,8/8/2027,23,0,263
5,8/9/2027,39,0,224
2,8/10/2027,29,0,195
3,8/11/2027,24,345,516
3,8/12/2027,17,0,499
4,8/13/2027,33,0,466
5,8/14/2027,31,0,435
2,8/15/2027,32,0,403
2,8/16/2027,24,0,379
4,8/17/2027,35,0,344
2,8/18/2027,16,0,328
1,8/19/2027,21,0,307
1,8/20/2027,35,0,272
2,8/21/2027,33,0,239
4,8/22/2027,30,0,209
5,8/23/2027,16,0,193
3,8/24/2027,40,274,427
5,8/25/2027,28,0,399
4,8/26/2027,16,0,383
4,8/27/2027,16,0,367
3,8/28/2027,22,0,345
1,8/29/2027,28,0,317
5,8/30/2027,10,0,307
1,8/31/2027,25,0,282
1,9/1/2027,23,0,259
4,9/2/2027,25,0,234
3,9/3/2027,35,0,199
1,9/4/2027,18,222,403
2,9/5/2027,21,0,382
4,9/6/2027,17,0,365
3,9/7/2027,30,0,335
3,9/8/2027,15,0,320
1,9/9/2027,25,0,295
5,9/10/2027,39,0,256
2,9/11/2027,18,0,238
3,9/12/2027,19,0,219
1,9/13/2027,15,0,204
4,9/14/2027,20,0,184
3,9/15/2027,35,202,351
1,9/16/2027,40,0,311
3,9/17/2027,19,0,292
1,9/18/2027,33,0,259
1,9/19/2027,10,0,249
2,9/20/2027,31,0,218
4,9/21/2027,25,0,193
5,9/22/2027,29,325,489
4,9/23/2027,19,0,470
3,9/24/2027,37,0,433
3,9/25/2027,15,0,418
5,9/26/2027,22,0,396
3,9/27/2027,23,0,373
3,9/28/2027,25,0,348
4,9/29/2027,20,0,328
2,9/30/2027,31,0,297
4,10/1/2027,13,0,284
4,10/2/2027,22,0,262
1,10/3/2027,15,0,247
5,10/4/2027,10,0,237
4,10/5/2027,18,0,219
5,10/6/2027,32,0,187
1,10/7/2027,20,353,520
1,10/8/2027,34,0,486
3,10/9/2027,21,0,465
4,10/10/2027,15,0,450
3,10/11/2027,32,0,418
2,10/12/2027,27,0,391
3,10/13/2027,27,0,364
1,10/14/2027,30,0,334
5,10/15/2027,10,0,324
4,10/16/2027,24,0,300
2,10/17/2027,19,0,281
4,10/18/2027,14,0,267
2,10/19/2027,37,0,230
3,10/20/2027,38,0,192
5,10/21/2027,40,380,532
1,10/22/2027,18,0,514
4,10/23/2027,28,0,486
5,10/24/2027,35,0,451
1,10/25/2027,20,0,431
1,10/26/2027,32,0,399
3,10/27/2027,19,0,380
2,10/28/2027,24,0,356
5,10/29/2027,35,0,321
1,10/30/2027,14,0,307
2,10/31/2027,29,0,278
4,11/1/2027,13,0,265
3,11/2/2027,19,0,246
2,11/3/2027,13,0,233
5,11/4/2027,28,0,205
2,11/5/2027,38,0,167
5,11/6/2027,21,296,442
1,11/7/2027,33,0,409
3,11/8/2027,19,0,390
2,11/9/2027,38,0,352
1,11/10/2027,12,0,340
5,11/11/2027,29,0,311
1,11/12/2027,16,0,295
2,11/13/2027,38,0,257
5,11/14/2027,12,0,245
1,11/15/2027,30,0,215
3,11/16/2027,20,0,195
4,11/17/2027,25,357,527
3,11/18/2027,37,0,490
1,11/19/2027,16,0,474
2,11/20/2027,15,0,459
5,11/21/2027,10,0,449
1,11/22/2027,18,0,431
1,11/23/2027,38,0,393
3,11/24/2027,29,0,364
2,11/25/2027,13,0,351
4,11/26/2027,25,0,326
2,11/27/2027,10,0,316
2,11/28/2027,17,0,299
4,11/29/2027,18,0,281
1,11/30/2027,19,0,262
2,12/1/2027,27,0,235
3,12/2/2027,30,0,205
5,12/3/2027,15,0,190
5,12/4/2027,13,311,488
1,12/5/2027,33,0,455
5,12/6/2027,32,0,423
4,12/7/2027,29,0,394
1,12/8/2027,26,0,368
1,12/9/2027,15,0,353
2,12/10/2027,35,0,318
1,12/11/2027,31,0,287
4,12/12/2027,35,0,252
1,12/13/2027,11,0,241
1,12/14/2027,15,0,226
5,12/15/2027,26,0,200
4,12/16/2027,39,0,161
2,12/17/2027,16,325,470
1,12/18/2027,12,0,458
2,12/19/2027,26,0,432
1,12/20/2027,14,0,418
5,12/21/2027,21,0,397
4,12/22/2027,22,0,375
5,12/23/2027,20,0,355
3,12/24/2027,24,0,331
2,12/25/2027,39,0,292
3,12/26/2027,37,0,255
4,12/27/2027,17,0,238
5,12/28/2027,35,0,203
1,12/29/2027,35,0,168
5,12/30/2027,17,306,457
3,12/31/2027,18,0,439
3,1/1/2028,15,0,424
4,1/2/2028,31,0,393
2,1/3/2028,24,0,369
4,1/4/2028,11,0,358
5,1/5/2028,12,0,346
4,1/6/2028,32,0,314
2,1/7/2028,30,0,284
3,1/8/2028,38,0,246
1,1/9/2028,23,0,223
5,1/10/2028,38,0,185
4,1/11/2028,36,313,462
5,1/12/2028,32,0,430
3,1/13/2028,32,0,398
1,1/14/2028,17,0,381
5,1/15/2028,39,0,342
2,1/16/2028,12,0,330
5,1/17/2028,26,0,304
5,1/18/2028,11,0,293
2,1/19/2028,14,0,279
2,1/20/2028,23,0,256
3,1/21/2028,38,0,218
3,1/22/2028,12,0,206
1,1/23/2028,24,0,182
2,1/24/2028,15,370,537
4,1/25/2028,20,0,517
5,1/26/2028,39,0,478
1,1/27/2028,23,0,455
1,1/28/2028,13,0,442
1,1/29/2028,39,0,403
1,1/30/2028,35,0,368
4,1/31/2028,35,0,333
1,2/1/2028,35,0,298
3,2/2/2028,10,0,288
1,2/3/2028,28,0,260
3,2/4/2028,28,0,232
5,2/5/2028,10,0,222
5,2/6/2028,26,0,196
2,2/7/2028,17,294,473
3,2/8/2028,22,0,451
4,2/9/2028,31,0,420
4,2/10/2028,31,0,389
1,2/11/2028,40,0,349
1,2/12/2028,24,0,325
3,2/13/2028,12,0,313
3,2/14/2028,33,0,280
5,2/15/2028,13,0,267
2,2/16/2028,14,0,253
4,2/17/2028,14,0,239
4,2/18/2028,27,0,212
3,2/19/2028,22,0,190
1,2/20/2028,26,239,403
3,2/21/2028,28,0,375
3,2/22/2028,39,0,336
4,2/23/2028,31,0,305
2,2/24/2028,14,0,291
1,2/25/2028,15,0,276
4,2/26/2028,30,0,246
3,2/27/2028,35,0,211
3,2/28/2028,34,0,177
5,2/29/2028,15,246,408
5,3/1/2028,31,0,377
1,3/2/2028,38,0,339
4,3/3/2028,15,0,324
3,3/4/2028,35,0,289
5,3/5/2028,21,0,268
3,3/6/2028,40,0,228
2,3/7/2028,40,0,188
4,3/8/2028,21,385,552
4,3/9/2028,14,0,538
3,3/10/2028,11,0,527
3,3/11/2028,13,0,514
3,3/12/2028,29,0,485
2,3/13/2028,27,0,458
1,3/14/2028,38,0,420
4,3/15/2028,27,0,393
1,3/16/2028,29,0,364
4,3/17/2028,10,0,354
1,3/18/2028,30,0,324
3,3/19/2028,34,0,290
1,3/20/2028,10,0,280
5,3/21/2028,24,0,256
3,3/22/2028,10,0,246
2,3/23/2028,19,0,227
1,3/24/2028,33,0,194
2,3/25/2028,26,320,488
2,3/26/2028,25,0,463
2,3/27/2028,17,0,446
1,3/28/2028,38,0,408
5,3/29/2028,40,0,368
1,3/30/2028,10,0,358
3,3/31/2028,23,0,335
4,4/1/2028,10,0,325
3,4/2/2028,34,0,291
5,4/3/2028,25,0,266
5,4/4/2028,16,0,250
2,4/5/2028,13,0,237
4,4/6/2028,15,0,222
5,4/7/2028,39,0,183
1,4/8/2028,33,204,354
5,4/9/2028,31,0,323
4,4/10/2028,27,0,296
3,4/11/2028,10,0,286
4,4/12/2028,34,0,252
5,4/13/2028,36,0,216
4,4/14/2028,34,0,182
2,4/15/2028,16,398,564
5,4/16/2028,30,0,534
3,4/17/2028,14,0,520
2,4/18/2028,10,0,510
4,4/19/2028,14,0,496
4,4/20/2028,32,0,464
2,4/21/2028,21,0,443
1,4/22/2028,22,0,421
5,4/23/2028,40,0,381
3,4/24/2028,16,0,365
2,4/25/2028,15,0,350
2,4/26/2028,22,0,328
2,4/27/2028,38,0,290
1,4/28/2028,26,0,264
2,4/29/2028,35,0,229
1,4/30/2028,32,0,197
3,5/1/2028,35,324,486
1,5/2/2028,34,0,452
2,5/3/2028,27,0,425
3,5/4/2028,11,0,414
2,5/5/2028,13,0,401
4,5/6/2028,30,0,371
1,5/7/2028,40,0,331
3,5/8/2028,36,0,295
1,5/9/2028,11,0,284
3,5/10/2028,14,0,270
5,5/11/2028,11,0,259
5,5/12/2028,22,0,237
5,5/13/2028,31,0,206
5,5/14/2028,15,0,191
1,5/15/2028,37,393,547
3,5/16/2028,16,0,531
2,5/17/2028,30,0,501
2,5/18/2028,30,0,471
1,5/19/2028,26,0,445
1,5/20/2028,20,0,425
2,5/21/2028,38,0,387
3,5/22/2028,36,0,351
4,5/23/2028,16,0,335
1,5/24/2028,36,0,299
4,5/25/2028,10,0,289
4,5/26/2028,11,0,278
3,5/27/2028,22,0,256
3,5/28/2028,33,0,223
1,5/29/2028,40,0,183
5,5/30/2028,24,387,546
5,5/31/2028,33,0,513
4,6/1/2028,32,0,481
4,6/2/2028,30,0,451
2,6/3/2028,29,0,422
5,6/4/2028,13,0,409
5,6/5/2028,22,0,387
3,6/6/2028,12,0,375
5,6/7/2028,40,0,335
4,6/8/2028,28,0,307
1,6/9/2028,33,0,274
1,6/10/2028,34,0,240
3,6/11/2028,35,0,205
3,6/12/2028,24,0,181
1,6/13/2028,24,203,360
3,6/14/2028,18,0,342
4,6/15/2028,30,0,312
1,6/16/2028,39,0,273
2,6/17/2028,39,0,234
2,6/18/2028,40,0,194
2,6/19/2028,12,372,554
5,6/20/2028,15,0,539
5,6/21/2028,24,0,515
5,6/22/2028,12,0,503
4,6/23/2028,13,0,490
1,6/24/2028,17,0,473
4,6/25/2028,39,0,434
3,6/26/2028,18,0,416
5,6/27/2028,16,0,400
4,6/28/2028,29,0,371
5,6/29/2028,16,0,355
2,6/30/2028,32,0,323
2,7/1/2028,12,0,311
5,7/2/2028,38,0,273
3,7/3/2028,37,0,236
5,7/4/2028,18,0,218
1,7/5/2028,23,0,195
2,7/6/2028,34,261,422
1,7/7/2028,26,0,396
5,7/8/2028,23,0,373
4,7/9/2028,16,0,357
2,7/10/2028,23,0,334
1,7/11/2028,15,0,319
4,7/12/2028,21,0,298
5,7/13/2028,34,0,264
5,7/14/2028,37,0,227
5,7/15/2028,20,0,207
2,7/16/2028,21,0,186
5,7/17/2028,24,388,550
3,7/18/2028,23,0,527
4,7/19/2028,19,0,508
3,7/20/2028,31,0,477
5,7/21/2028,12,0,465
3,7/22/2028,20,0,445
4,7/23/2028,16,0,429
4,7/24/2028,17,0,412
2,7/25/2028,18,0,394
3,7/26/2028,17,0,377
3,7/27/2028,12,0,365
3,7/28/2028,19,0,346
4,7/29/2028,12,0,334
1,7/30/2028,26,0,308
5,7/31/2028,37,0,271
3,8/1/2028,24,0,247
4,8/2/2028,32,0,215
3,8/3/2028,39,0,176
3,8/4/2028,19,257,414
4,8/5/2028,11,0,403
2,8/6/2028,30,0,373
1,8/7/2028,20,0,353
5,8/8/2028,11,0,342
4,8/9/2028,16,0,326
5,8/10/2028,39,0,287
3,8/11/2028,20,0,267
4,8/12/2028,33,0,234
2,8/13/2028,10,0,224
2,8/14/2028,38,0,186
5,8/15/2028,37,204,353
5,8/16/2028,22,0,331
4,8/17/2028,26,0,305
3,8/18/2028,16,0,289
3,8/19/2028,11,0,278
2,8/20/2028,23,0,255
3,8/21/2028,31,0,224
2,8/22/2028,11,0,213
3,8/23/2028,21,0,192
3,8/24/2028,26,393,559
3,8/25/2028,12,0,547
2,8/26/2028,25,0,522
4,8/27/2028,27,0,495
3,8/28/2028,36,0,459
5,8/29/2028,38,0,421
4,8/30/2028,37,0,384
4,8/31/2028,14,0,370
3,9/1/2028,37,0,333
3,9/2/2028,21,0,312
3,9/3/2028,23,0,289
3,9/4/2028,12,0,277
1,9/5/2028,14,0,263
1,9/6/2028,13,0,250
1,9/7/2028,25,0,225
4,9/8/2028,37,0,188
2,9/9/2028,37,342,493
4,9/10/2028,13,0,480
1,9/11/2028,31,0,449
3,9/12/2028,10,0,439
3,9/13/2028,22,0,417
1,9/14/2028,12,0,405
1,9/15/2028,19,0,386
4,9/16/2028,23,0,363
5,9/17/2028,22,0,341
4,9/18/2028,10,0,331
5,9/19/2028,38,0,293
3,9/20/2028,10,0,283
3,9/21/2028,39,0,244
5,9/22/2028,34,0,210
1,9/23/2028,23,0,187
1,9/24/2028,24,346,509
5,9/25/2028,36,0,473
3,9/26/2028,15,0,458
1,9/27/2028,33,0,425
4,9/28/2028,23,0,402
2,9/29/2028,13,0,389
5,9/30/2028,19,0,370
4,10/1/2028,27,0,343
4,10/2/2028,40,0,303
3,10/3/2028,39,0,264
5,10/4/2028,12,0,252
5,10/5/2028,31,0,221
1,10/6/2028,27,0,194
3,10/7/2028,26,328,496
2,10/8/2028,12,0,484
1,10/9/2028,16,0,468
2,10/10/2028,36,0,432
4,10/11/2028,19,0,413
2,10/12/2028,34,0,379
1,10/13/2028,34,0,345
5,10/14/2028,22,0,323
4,10/15/2028,21,0,302
5,10/16/2028,40,0,262
4,10/17/2028,19,0,243
5,10/18/2028,37,0,206
1,10/19/2028,31,0,175
1,10/20/2028,31,212,356
2,10/21/2028,21,0,335
1,10/22/2028,11,0,324
3,10/23/2028,35,0,289
1,10/24/2028,18,0,271
4,10/25/2028,10,0,261
4,10/26/2028,34,0,227
5,10/27/2028,40,0,187
4,10/28/2028,13,254,428
3,10/29/2028,37,0,391
2,10/30/2028,20,0,371
2,10/31/2028,11,0,360
3,11/1/2028,13,0,347
2,11/2/2028,30,0,317
2,11/3/2028,36,0,281
5,11/4/2028,26,0,255
2,11/5/2028,30,0,225
1,11/6/2028,21,0,204
5,11/7/2028,26,0,178
1,11/8/2028,31,379,526
1,11/9/2028,33,0,493
5,11/10/2028,13,0,480
4,11/11/2028,30,0,450
5,11/12/2028,34,0,416
1,11/13/2028,29,0,387
1,11/14/2028,28,0,359
2,11/15/2028,36,0,323
1,11/16/2028,37,0,286
5,11/17/2028,23,0,263
5,11/18/2028,20,0,243
1,11/19/2028,26,0,217
4,11/20/2028,17,0,200
4,11/21/2028,20,0,180
2,11/22/2028,36,278,422
5,11/23/2028,25,0,397
3,11/24/2028,35,0,362
4,11/25/2028,20,0,342
2,11/26/2028,25,0,317
1,11/27/2028,29,0,288
3,11/28/2028,24,0,264
5,11/29/2028,28,0,236
1,11/30/2028,27,0,209
1,12/1/2028,19,0,190
4,12/2/2028,15,390,565
3,12/3/2028,19,0,546
5,12/4/2028,13,0,533
3,12/5/2028,16,0,517
1,12/6/2028,15,0,502
2,12/7/2028,36,0,466
4,12/8/2028,14,0,452
2,12/9/2028,33,0,419
2,12/10/2028,33,0,386
3,12/11/2028,21,0,365
3,12/12/2028,16,0,349
2,12/13/2028,32,0,317
5,12/14/2028,28,0,289
1,12/15/2028,16,0,273
3,12/16/2028,19,0,254
3,12/17/2028,11,0,243
2,12/18/2028,10,0,233
2,12/19/2028,24,0,209
3,12/20/2028,36,0,173
5,12/21/2028,22,301,452
5,12/22/2028,15,0,437
3,12/23/2028,12,0,425
5,12/24/2028,17,0,408
4,12/25/2028,32,0,376
4,12/26/2028,32,0,344
3,12/27/2028,30,0,314
4,12/28/2028,22,0,292
3,12/29/2028,27,0,265
1,12/30/2028,35,0,230
1,12/31/2028,30,0,200
1,1/1/2029,16,0,184
4,1/2/2029,21,247,410
3,1/3/2029,26,0,384
1,1/4/2029,31,0,353
5,1/5/2029,23,0,330
1,1/6/2029,30,0,300
1,1/7/2029,18,0,282
1,1/8/2029,21,0,261
3,1/9/2029,23,0,238
3,1/10/2029,11,0,227
1,1/11/2029,20,0,207
2,1/12/2029,39,0,168
1,1/13/2029,16,246,398
5,1/14/2029,14,0,384
1,1/15/2029,15,0,369
1,1/16/2029,26,0,343
2,1/17/2029,37,0,306
5,1/18/2029,36,0,270
5,1/19/2029,29,0,241
1,1/20/2029,29,0,212
5,1/21/2029,39,0,173
2,1/22/2029,36,252,389
2,1/23/2029,15,0,374
1,1/24/2029,38,0,336
1,1/25/2029,32,0,304
3,1/26/2029,22,0,282
4,1/27/2029,25,0,257
2,1/28/2029,15,0,242
5,1/29/2029,18,0,224
2,1/30/2029,32,0,192
4,1/31/2029,10,258,440
1,2/1/2029,15,0,425
1,2/2/2029,32,0,393
2,2/3/2029,30,0,363
3,2/4/2029,34,0,329
2,2/5/2029,39,0,290
2,2/6/2029,31,0,259
3,2/7/2029,37,0,222
3,2/8/2029,32,0,190
3,2/9/2029,30,248,408
5,2/10/2029,34,0,374
4,2/11/2029,20,0,354
2,2/12/2029,31,0,323
3,2/13/2029,33,0,290
2,2/14/2029,39,0,251
3,2/15/2029,22,0,229
3,2/16/2029,30,0,199
3,2/17/2029,38,371,532
2,2/18/2029,16,0,516
4,2/19/2029,40,0,476
1,2/20/2029,33,0,443
3,2/21/2029,35,0,408
2,2/22/2029,14,0,394
2,2/23/2029,20,0,374
3,2/24/2029,38,0,336
2,2/25/2029,30,0,306
2,2/26/2029,26,0,280
1,2/27/2029,34,0,246
1,2/28/2029,39,0,207
4,3/1/2029,17,0,190
2,3/2/2029,36,270,424
1,3/3/2029,31,0,393
3,3/4/2029,24,0,369
5,3/5/2029,12,0,357
2,3/6/2029,29,0,328
5,3/7/2029,14,0,314
5,3/8/2029,13,0,301
1,3/9/2029,24,0,277
2,3/10/2029,20,0,257
3,3/11/2029,28,0,229
1,3/12/2029,30,0,199
3,3/13/2029,33,354,520
2,3/14/2029,25,0,495
4,3/15/2029,26,0,469
5,3/16/2029,10,0,459
1,3/17/2029,16,0,443
3,3/18/2029,39,0,404
1,3/19/2029,11,0,393
3,3/20/2029,19,0,374
1,3/21/2029,11,0,363
5,3/22/2029,28,0,335
2,3/23/2029,35,0,300
4,3/24/2029,10,0,290
5,3/25/2029,27,0,263
1,3/26/2029,32,0,231
3,3/27/2029,32,0,199
3,3/28/2029,40,255,414
5,3/29/2029,33,0,381
5,3/30/2029,19,0,362
5,3/31/2029,23,0,339
4,4/1/2029,35,0,304
1,4/2/2029,32,0,272
3,4/3/2029,23,0,249
3,4/4/2029,11,0,238
1,4/5/2029,25,0,213
2,4/6/2029,29,0,184
2,4/7/2029,31,332,485
3,4/8/2029,23,0,462
5,4/9/2029,35,0,427
4,4/10/2029,12,0,415
4,4/11/2029,18,0,397
1,4/12/2029,17,0,380
1,4/13/2029,21,0,359
5,4/14/2029,10,0,349
5,4/15/2029,40,0,309
1,4/16/2029,39,0,270
4,4/17/2029,26,0,244
2,4/18/2029,12,0,232
5,4/19/2029,15,0,217
5,4/20/2029,40,0,177
3,4/21/2029,30,298,445
3,4/22/2029,26,0,419
3,4/23/2029,14,0,405
3,4/24/2029,40,0,365
1,4/25/2029,17,0,348
5,4/26/2029,26,0,322
1,4/27/2029,16,0,306
5,4/28/2029,37,0,269
4,4/29/2029,24,0,245
5,4/30/2029,29,0,216
1,5/1/2029,21,0,195
4,5/2/2029,25,394,564
3,5/3/2029,38,0,526
2,5/4/2029,20,0,506
5,5/5/2029,22,0,484
5,5/6/2029,40,0,444
5,5/7/2029,27,0,417
5,5/8/2029,34,0,383
4,5/9/2029,32,0,351
3,5/10/2029,34,0,317
5,5/11/2029,22,0,295
1,5/12/2029,35,0,260
3,5/13/2029,20,0,240
5,5/14/2029,13,0,227
4,5/15/2029,33,0,194
4,5/16/2029,16,280,458
2,5/17/2029,29,0,429
3,5/18/2029,40,0,389
4,5/19/2029,39,0,350
5,5/20/2029,10,0,340
1,5/21/2029,34,0,306
1,5/22/2029,18,0,288
5,5/23/2029,36,0,252
5,5/24/2029,30,0,222
3,5/25/2029,11,0,211
5,5/26/2029,27,0,184
2,5/27/2029,34,309,459
2,5/28/2029,15,0,444
2,5/29/2029,20,0,424
1,5/30/2029,18,0,406
4,5/31/2029,17,0,389
3,6/1/2029,16,0,373
5,6/2/2029,23,0,350
3,6/3/2029,26,0,324
2,6/4/2029,24,0,300
5,6/5/2029,11,0,289
1,6/6/2029,22,0,267
1,6/7/2029,27,0,240
2,6/8/2029,10,0,230
3,6/9/2029,33,0,197
5,6/10/2029,10,306,493
4,6/11/2029,34,0,459
5,6/12/2029,27,0,432
3,6/13/2029,31,0,401
1,6/14/2029,31,0,370
5,6/15/2029,17,0,353
2,6/16/2029,40,0,313
5,6/17/2029,31,0,282
4,6/18/2029,29,0,253
3,6/19/2029,23,0,230
2,6/20/2029,16,0,214
4,6/21/2029,14,0,200
2,6/22/2029,31,0,169
1,6/23/2029,28,280,421
1,6/24/2029,22,0,399
5,6/25/2029,37,0,362
1,6/26/2029,18,0,344
2,6/27/2029,17,0,327
4,6/28/2029,22,0,305
4,6/29/2029,38,0,267
1,6/30/2029,12,0,255
2,7/1/2029,40,0,215
3,7/2/2029,13,0,202
2,7/3/2029,26,0,176
4,7/4/2029,11,363,528
5,7/5/2029,10,0,518
4,7/6/2029,36,0,482
3,7/7/2029,37,0,445
2,7/8/2029,33,0,412
1,7/9/2029,13,0,399
3,7/10/2029,10,0,389
4,7/11/2029,36,0,353
1,7/12/2029,39,0,314
2,7/13/2029,38,0,276
3,7/14/2029,19,0,257
1,7/15/2029,15,0,242
4,7/16/2029,18,0,224
5,7/17/2029,30,0,194
3,7/18/2029,21,283,456
3,7/19/2029,18,0,438
5,7/20/2029,19,0,419
5,7/21/2029,18,0,401
3,7/22/2029,37,0,364
5,7/23/2029,12,0,352
5,7/24/2029,30,0,322
5,7/25/2029,14,0,308
5,7/26/2029,35,0,273
5,7/27/2029,21,0,252
4,7/28/2029,32,0,220
1,7/29/2029,29,0,191
1,7/30/2029,40,358,509
5,7/31/2029,12,0,497
3,8/1/2029,15,0,482
2,8/2/2029,13,0,469
3,8/3/2029,22,0,447
5,8/4/2029,28,0,419
3,8/5/2029,30,0,389
2,8/6/2029,22,0,367
4,8/7/2029,30,0,337
3,8/8/2029,22,0,315
5,8/9/2029,20,0,295
2,8/10/2029,16,0,279
1,8/11/2029,33,0,246
1,8/12/2029,37,0,209
4,8/13/2029,19,0,190
1,8/14/2029,30,223,383
2,8/15/2029,18,0,365
3,8/16/2029,34,0,331
4,8/17/2029,32,0,299
3,8/18/2029,33,0,266
4,8/19/2029,40,0,226
4,8/20/2029,17,0,209
5,8/21/2029,15,0,194
1,8/22/2029,13,201,382
3,8/23/2029,12,0,370
1,8/24/2029,28,0,342
4,8/25/2029,12,0,330
1,8/26/2029,35,0,295
1,8/27/2029,17,0,278
4,8/28/2029,16,0,262
3,8/29/2029,39,0,223
1,8/30/2029,13,0,210
1,8/31/2029,25,0,185
3,9/1/2029,35,354,504
3,9/2/2029,26,0,478
5,9/3/2029,34,0,444
4,9/4/2029,16,0,428
5,9/5/2029,23,0,405
4,9/6/2029,30,0,375
5,9/7/2029,31,0,344
5,9/8/2029,24,0,320
1,9/9/2029,36,0,284
2,9/10/2029,30,0,254
1,9/11/2029,21,0,233
1,9/12/2029,27,0,206
5,9/13/2029,37,0,169
2,9/14/2029,31,252,390
2,9/15/2029,12,0,378
4,9/16/2029,31,0,347
1,9/17/2029,15,0,332
5,9/18/2029,13,0,319
4,9/19/2029,18,0,301
1,9/20/2029,24,0,277
4,9/21/2029,37,0,240
3,9/22/2029,37,0,203
2,9/23/2029,35,0,168
3,9/24/2029,13,367,522
5,9/25/2029,39,0,483
4,9/26/2029,18,0,465
3,9/27/2029,16,0,449
4,9/28/2029,34,0,415
1,9/29/2029,30,0,385
3,9/30/2029,33,0,352
5,10/1/2029,26,0,326
3,10/2/2029,24,0,302
3,10/3/2029,29,0,273
4,10/4/2029,12,0,261
2,10/5/2029,34,0,227
2,10/6/2029,13,0,214
1,10/7/2029,32,0,182
1,10/8/2029,18,233,397
3,10/9/2029,34,0,363
2,10/10/2029,23,0,340
4,10/11/2029,34,0,306
5,10/12/2029,28,0,278
3,10/13/2029,39,0,239
5,10/14/2029,24,0,215
1,10/15/2029,40,0,175
1,10/16/2029,34,330,471
1,10/17/2029,31,0,440
4,10/18/2029,14,0,426
2,10/19/2029,34,0,392
4,10/20/2029,33,0,359
4,10/21/2029,14,0,345
3,10/22/2029,12,0,333
2,10/23/2029,17,0,316
4,10/24/2029,15,0,301
3,10/25/2029,26,0,275
3,10/26/2029,22,0,253
1,10/27/2029,30,0,223
5,10/28/2029,10,0,213
2,10/29/2029,38,0,175
3,10/30/2029,32,349,492
4,10/31/2029,31,0,461
2,11/1/2029,26,0,435
2,11/2/2029,29,0,406
3,11/3/2029,32,0,374
1,11/4/2029,32,0,342
